state,india_tb_reports_2020,india_tb_reports_2021,india_tb_reports_2022,india_tb_reports_2023,india_tb_reports_source_file,india_tb_reports_percentage_of_tb_cases_out_of_the_total_tb_cases_notified_in_2023_januarydecember__0_to_14_years,india_tb_reports_percentage_of_tb_cases_out_of_the_total_tb_cases_notified_in_2023_januarydecember__15_years_to_30_years,india_tb_reports_percentage_of_tb_cases_out_of_the_total_tb_cases_notified_in_2023_januarydecember__31_years_to_45_years,india_tb_reports_percentage_of_tb_cases_out_of_the_total_tb_cases_notified_in_2023_januarydecember__46_years_to_60_years,india_tb_reports_percentage_of_tb_cases_out_of_the_total_tb_cases_notified_in_2023_januarydecember___60_years,india_tb_reports_percentage_of_tb_cases_out_of_the_total_tb_cases_notified_in_2024_januaryoctober__0_to_14_years,india_tb_reports_percentage_of_tb_cases_out_of_the_total_tb_cases_notified_in_2024_januaryoctober__15_years_to_30_years,india_tb_reports_percentage_of_tb_cases_out_of_the_total_tb_cases_notified_in_2024_januaryoctober__31_years_to_45_years,india_tb_reports_percentage_of_tb_cases_out_of_the_total_tb_cases_notified_in_2024_januaryoctober__46_years_to_60_years,india_tb_reports_percentage_of_tb_cases_out_of_the_total_tb_cases_notified_in_2024_januaryoctober___60_years,india_tb_reports_source_file_rs_rs_session_266_au_1736_a_to_c_3_(1)_clean.csv,india_tb_reports_percentage_of_tb_deaths_of_total_tb_cases_reported_in_2023_januarydecember__0_to_14_years,india_tb_reports_percentage_of_tb_deaths_of_total_tb_cases_reported_in_2023_januarydecember__15_years_to_30_years,india_tb_reports_percentage_of_tb_deaths_of_total_tb_cases_reported_in_2023_januarydecember__31_years_to_45_years,india_tb_reports_percentage_of_tb_deaths_of_total_tb_cases_reported_in_2023_januarydecember__46_years_to_60_years,india_tb_reports_percentage_of_tb_deaths_of_total_tb_cases_reported_in_2023_januarydecember__60_years,india_tb_reports_percentage_of_tb_deaths_of_total_tb_cases_reported_in_2024_januaryoctober__0_to_14_years,india_tb_reports_percentage_of_tb_deaths_of_total_tb_cases_reported_in_2024_januaryoctober__15_years_to_30_years,india_tb_reports_percentage_of_tb_deaths_of_total_tb_cases_reported_in_2024_januaryoctober__31_years_to_45_years,india_tb_reports_percentage_of_tb_deaths_of_total_tb_cases_reported_in_2024_januaryoctober__46_years_to_60_years,india_tb_reports_percentage_of_tb_deaths_of_total_tb_cases_reported_in_2024_januaryoctober__60_years,india_tb_reports_source_file_rs_rs_session_266_au_1736_a_to_c_4_clean.csv,india_tb_reports_tb_cases_notification_in_2024_january_to_october,india_tb_reports_tb_deaths__2024_january_to_october,india_tb_reports_source_file_rs_rs_session_266_au_2511_1_clean.csv,india_tb_reports_2023__tb_patients_notified,india_tb_reports_2023__treated_successfully,india_tb_reports_2024__tb_patients_notified,india_tb_reports_source_file_rs_rs_session_267_au_3467_1_clean.csv,india_tb_reports_source_dataset,india_tb_notifications_2025_total_notified_2025,india_tb_notifications_2025_source_dataset,nfhs_children_under_5_years_who_are_stunted_(height-for-age)18_(%),nfhs_children_under_5_years_who_are_underweight_(weight-for-age)18_(%),nfhs_children_under_5_years_who_are_wasted_(weight-for-height)18_(%),nfhs_children_age_6-59_months_who_are_anaemic_(<11.0_g/dl)22_(%),nfhs_men_age_15_years_and_above_who_use_any_kind_of_tobacco_(%),nfhs_women_age_15_years_and_above_who_use_any_kind_of_tobacco_(%),nfhs_men_age_15_years_and_above_who_consume_alcohol_(%),nfhs_population_living_in_households_that_use_an_improved_sanitation_facility2_(%),nfhs_households_using_clean_fuel_for_cooking3_(%),nfhs_source_dataset,census_population,census_male,census_female,census_literate,census_male_literate,census_female_literate,census_workers,census_male_workers,census_female_workers,census_main_workers,census_marginal_workers,census_non_workers,census_rural_households,census_urban_households,census_households,census_housholds_with_electric_lighting,census_households_with_internet,census_households_with_computer,census_households_with_telephone_mobile_phone,census_households_with_telephone_mobile_phone_mobile_only,census_households_with_telephone_mobile_phone_landline_only,census_households_with_television,census_households_with_bicycle,census_households_with_car_jeep_van,census_households_with_scooter_motorcycle_moped,census_households_with_separate_kitchen_cooking_inside_house,census_having_bathing_facility_total_households,census_having_latrine_facility_within_the_premises_total_households,census_ownership_owned_households,census_ownership_rented_households,census_type_of_latrine_facility_flush_pour_flush_latrine_connected_to_other_system_households,census_type_of_latrine_facility_pit_latrine_households,census_households_with_tv_computer_laptop_telephone_mobile_phone_and_scooter_car,census_literacy_rate_pct,census_female_sex_ratio_per_1000_males,census_urbanization_pct,census_owned_house_pct,census_internet_access_pct,census_electricity_access_pct,census_source_dataset,prevalence_proxy,pn_ratio,incidence_proxy,in_ratio,symptomatic_no_care_pct,private_first_provider_pct,bact_confirmed_pct,crowding_index,literacy_pct,poverty_pct,year,delay_cluster
Andhra Pradesh,64065.0,86832.0,92187.0,37609.0,rs_RS_Session_260_AU_618_A_to_B_i_clean.csv,3.0,17.0,24.0,30.0,26.0,3.0,17.0,25.0,30.0,25.0,rs_RS_Session_266_AU_1736_A_to_C_3 (1)_clean.csv,0.7,0.7,1.5,1.6,2.7,0.6,0.8,1.4,1.9,2.5,rs_RS_Session_266_AU_1736_A_to_C_4_clean.csv,69371.0,1208.0,rs_RS_Session_266_AU_2511_1_clean.csv,86033.0,82215.0,81804.0,rs_RS_Session_267_AU_3467_1_clean.csv,india_tb_reports,69363.0,india_tb_notifications_2025,30.38384615384616,28.766153846153845,16.096153846153847,63.46692307692308,22.41692307692308,4.178461538461539,23.354615384615386,76.69692307692308,82.86384615384615,nfhs,84580777.0,42442146.0,42138631.0,50556760.0,28251243.0,22305517.0,39422906.0,24185595.0,15237311.0,33037378.0,6385528.0,45157871.0,17174077.0,8420919.0,25594996.0,19377222.0,549284.0,1763555.0,13262317.0,11549740.0,857080.0,12358093.0,6754231.0,562769.0,3914068.0,14972999.0,14114228.0,10424003.0,16498540.0,4146219.0,204395.0,1141558.0,816992.0,59.77334542575791,992.8487357825876,32.90064589187668,64.46002179488521,2.146060112687652,75.70707180419173,census,68.52492149189887,0.000987917499126319,70571.0,1.0174156250450528,23.303076923076915,3.1919989360420296,95.5621680053003,3.304582544181683,59.77334542575791,17.136153846153846,2024,1
Arunachal Pradesh,2522.0,2724.0,2863.0,1126.0,rs_RS_Session_260_AU_618_A_to_B_i_clean.csv,9.0,44.0,23.0,14.0,10.0,10.0,41.0,24.0,15.0,10.0,rs_RS_Session_266_AU_1736_A_to_C_3 (1)_clean.csv,2.0,1.0,2.2,5.0,5.5,1.0,0.9,2.2,8.2,9.6,rs_RS_Session_266_AU_1736_A_to_C_4_clean.csv,2430.0,65.0,rs_RS_Session_266_AU_2511_1_clean.csv,2606.0,1948.0,2939.0,rs_RS_Session_267_AU_3467_1_clean.csv,india_tb_reports,2263.0,india_tb_notifications_2025,26.74,14.117,13.357499999999998,56.618,49.3705,18.157,53.023,84.53049999999999,52.281000000000006,nfhs,1383727.0,713912.0,669815.0,766005.0,439868.0,326137.0,587657.0,350273.0,237384.0,478721.0,108936.0,796070.0,270546.0,105414.0,375960.0,171821.0,5128.0,21247.0,126368.0,104094.0,7592.0,107624.0,50987.0,20729.0,36691.0,249360.0,111366.0,162116.0,178605.0,59201.0,26277.0,49148.0,9485.0,55.35810170647822,938.2318829211443,28.03862112990744,47.50638365783594,1.3639748909458451,45.70193637621024,census,1.1210559586278184,0.0004953848690357129,2328.0,1.0287229341581972,15.46950000000001,2.5228747739121182,74.75057559478128,3.6805165443132246,55.35810170647822,47.718999999999994,2024,2
Assam,35261.0,37641.0,47822.0,21155.0,rs_RS_Session_260_AU_618_A_to_B_i_clean.csv,3.0,26.0,29.0,25.0,17.0,3.0,26.0,28.0,25.0,18.0,rs_RS_Session_266_AU_1736_A_to_C_3 (1)_clean.csv,1.8,2.0,3.1,5.0,6.5,1.5,1.9,3.2,4.5,6.7,rs_RS_Session_266_AU_1736_A_to_C_4_clean.csv,42202.0,1533.0,rs_RS_Session_266_AU_2511_1_clean.csv,50180.0,44878.0,49389.0,rs_RS_Session_267_AU_3467_1_clean.csv,india_tb_reports,45970.0,india_tb_notifications_2025,35.69181818181818,31.59454545454545,20.69,69.80787878787878,52.94212121212121,22.31515151515152,28.83242424242424,70.10333333333332,39.919696969696965,nfhs,31205576.0,15939443.0,15266133.0,19177977.0,10568639.0,8609338.0,11969690.0,8541560.0,3428130.0,8687123.0,3282567.0,19235886.0,7588998.0,1485505.0,9074503.0,2358900.0,100173.0,593484.0,3047557.0,2766506.0,137261.0,1751229.0,3504408.0,239904.0,646410.0,4972750.0,2659101.0,4131931.0,5598028.0,435455.0,536172.0,2207938.0,164319.0,61.45689155040753,957.7582478885868,16.370097624079246,61.68963743799522,1.1038951664901098,25.99481205747576,census,25.28186334241743,0.0005499643972681625,47503.0,1.0333478355449206,29.896666666666675,1.8107768546663108,89.43403746512556,3.438819294015331,61.45689155040753,60.080303030303035,2024,2
Bihar,98994.0,131703.0,161165.0,77278.0,rs_RS_Session_260_AU_618_A_to_B_i_clean.csv,10.0,34.0,23.0,18.0,15.0,10.0,34.0,22.0,18.0,16.0,rs_RS_Session_266_AU_1736_A_to_C_3 (1)_clean.csv,1.5,1.3,2.5,4.8,7.7,1.0,1.1,2.2,4.2,6.3,rs_RS_Session_266_AU_1736_A_to_C_4_clean.csv,167193.0,4116.0,rs_RS_Session_266_AU_2511_1_clean.csv,184706.0,155580.0,203853.0,rs_RS_Session_267_AU_3467_1_clean.csv,india_tb_reports,191937.0,india_tb_notifications_2025,42.58289473684211,41.72026315789474,24.24026315789473,70.07973684210526,48.85026315789474,4.785,15.945263157894736,49.47210526315789,36.35763157894737,nfhs,104099452.0,54278157.0,49821295.0,52504553.0,31608023.0,20896530.0,34724987.0,25222189.0,9502798.0,21359611.0,13365376.0,69374465.0,20713342.0,2701332.0,23414674.0,3098435.0,165521.0,1334565.0,10510770.0,9773448.0,425705.0,2751541.0,9230677.0,323190.0,1534633.0,15425093.0,7090850.0,4367236.0,18332993.0,396421.0,438088.0,473855.0,180385.0,50.43691584466746,917.8884795222503,11.53691911320226,78.29702433610649,0.706911400944553,13.232876955707347,census,84.33839258357361,0.0004394066416770795,196053.0,1.0214445364885354,50.52789473684211,0.7703929595603167,84.23115654066461,4.44590652852993,50.43691584466746,63.64236842105263,2024,2
Chandigarh,4294.0,4720.0,6066.0,1693.0,rs_RS_Session_260_AU_618_A_to_B_i_clean.csv,8.0,35.0,26.0,17.0,14.0,9.0,36.0,25.0,17.0,13.0,rs_RS_Session_266_AU_1736_A_to_C_3 (1)_clean.csv,1.6,1.3,3.5,8.5,15.0,3.1,1.5,4.1,5.9,9.0,rs_RS_Session_266_AU_1736_A_to_C_4_clean.csv,5885.0,129.0,rs_RS_Session_266_AU_2511_1_clean.csv,3912.0,3050.0,4108.0,rs_RS_Session_267_AU_3467_1_clean.csv,india_tb_reports,6001.0,india_tb_notifications_2025,25.3,20.56,8.41,54.58,12.06,0.56,18.63,84.98,95.81,nfhs,1055450.0,580663.0,474787.0,805438.0,465346.0,340092.0,404136.0,328159.0,75977.0,385929.0,18207.0,651314.0,8911.0,289456.0,298367.0,231204.0,44283.0,78113.0,209783.0,148411.0,14027.0,193932.0,135055.0,60494.0,109701.0,226263.0,210801.0,206017.0,112043.0,110377.0,542.0,1178.0,67323.0,76.31228385996495,817.6636017793454,97.01340965991548,37.55207512895193,14.841788803721592,77.48980282672011,census,0.8550953414464927,0.00014249214155082364,6130.0,1.0214964172637893,15.019999999999996,22.56382240663344,77.96523517382413,3.5374220339380695,76.31228385996495,4.189999999999998,2024,3
Chhattisgarh,29339.0,32416.0,38521.0,15791.0,rs_RS_Session_260_AU_618_A_to_B_i_clean.csv,6.0,25.0,27.0,24.0,18.0,5.0,26.0,27.0,24.0,18.0,rs_RS_Session_266_AU_1736_A_to_C_3 (1)_clean.csv,1.9,2.4,4.1,7.0,11.5,1.9,2.2,4.2,6.4,10.2,rs_RS_Session_266_AU_1736_A_to_C_4_clean.csv,32526.0,1571.0,rs_RS_Session_266_AU_2511_1_clean.csv,37473.0,33401.0,38957.0,rs_RS_Session_267_AU_3467_1_clean.csv,india_tb_reports,37021.0,india_tb_notifications_2025,35.67333333333334,33.218148148148146,19.08185185185185,68.99259259259259,45.7925925925926,21.00777777777778,37.85333333333333,72.79962962962962,28.25555555555556,nfhs,25545198.0,12832895.0,12712303.0,15379922.0,8807893.0,6572029.0,12180225.0,7133866.0,5046359.0,8241714.0,3938511.0,13364973.0,5164079.0,1635610.0,6799689.0,4231941.0,67820.0,260971.0,1726254.0,1528665.0,86376.0,1760851.0,3428564.0,126332.0,878000.0,5331269.0,1132505.0,1382706.0,5072438.0,366686.0,105262.0,194474.0,146190.0,60.20670499402666,990.6028998133312,24.05418836067356,74.59808823609433,0.99739855749285,62.237272910569885,census,20.695987309799857,0.0005590337189649079,38592.0,1.042435374517166,27.20037037037038,2.149951269830135,89.13350946014464,3.756818583908764,60.20670499402666,71.74444444444444,2024,2
Dadra And Nagar Haveli,,,,,,,,,,,,,,,,,,,,,,,,,,,,,,,,,,,,,,,,,,,,,,,,343709.0,193760.0,149949.0,223230.0,142521.0,80709.0,157161.0,119293.0,37868.0,130299.0,26862.0,186548.0,48221.0,60562.0,108783.0,69558.0,2013.0,6017.0,45973.0,41837.0,1706.0,34467.0,17822.0,4136.0,18647.0,70851.0,48312.0,39999.0,40607.0,31255.0,433.0,539.0,3669.0,64.94738281511395,773.8903798513626,55.672301738323085,37.32844286331504,1.8504729599294008,63.94197622790325,census,0.2784631813096144,,,,,3.3727696423154354,,3.159583758491676,64.94738281511395,,2024,1
Daman And Diu,,,,,,,,,,,,,,,,,,,,,,,,,,,,,,,,,,,,,,,,,,,,,,,,243247.0,150301.0,92946.0,188406.0,124643.0,63763.0,121271.0,107434.0,13837.0,116435.0,4836.0,121976.0,19794.0,70135.0,89929.0,59824.0,1684.0,5598.0,52172.0,45871.0,2494.0,36838.0,18381.0,3561.0,18987.0,56625.0,49815.0,47233.0,23100.0,35416.0,217.0,594.0,3652.0,77.45460375667531,618.3990791811099,77.989302672108,25.686930800965207,1.872588375273827,66.52359083276808,census,0.19707174808928418,,,,,4.060981440914499,,2.704878292875491,77.45460375667531,,2024,1
Goa,1660.0,2018.0,2091.0,871.0,rs_RS_Session_260_AU_618_A_to_B_i_clean.csv,3.0,25.0,28.0,24.0,20.0,3.0,26.0,25.0,26.0,20.0,rs_RS_Session_266_AU_1736_A_to_C_3 (1)_clean.csv,6.7,2.7,5.4,12.4,19.7,4.0,1.0,5.9,8.2,18.1,rs_RS_Session_266_AU_1736_A_to_C_4_clean.csv,1710.0,117.0,rs_RS_Session_266_AU_2511_1_clean.csv,1823.0,1376.0,1973.0,rs_RS_Session_267_AU_3467_1_clean.csv,india_tb_reports,1716.0,india_tb_notifications_2025,26.24,23.44,19.53,52.6,18.055,2.58,37.465,87.955,96.465,nfhs,1458545.0,739140.0,719405.0,1165487.0,615823.0,549664.0,577248.0,419536.0,157712.0,476053.0,101195.0,881297.0,204479.0,372103.0,576582.0,312761.0,41064.0,100565.0,287680.0,173533.0,39008.0,261842.0,79512.0,79373.0,183814.0,311133.0,289111.0,257338.0,254532.0,56191.0,10479.0,14177.0,71765.0,79.9075105670377,973.3000514110994,64.53600702068397,44.14497851129588,7.121970508964901,54.24397570510352,census,1.181671357989554,0.000688619672488085,1833.0,1.0681818181818181,12.045000000000002,12.446625111432546,75.47997805814592,2.529640189946963,79.9075105670377,3.5349999999999966,2024,3
Gujarat,120560.0,144731.0,151912.0,60585.0,rs_RS_Session_260_AU_618_A_to_B_i_clean.csv,5.0,30.0,28.0,22.0,15.0,4.0,30.0,28.0,22.0,16.0,rs_RS_Session_266_AU_1736_A_to_C_3 (1)_clean.csv,1.7,1.6,3.6,5.7,8.7,1.7,1.7,3.4,5.4,7.9,rs_RS_Session_266_AU_1736_A_to_C_4_clean.csv,113431.0,4413.0,rs_RS_Session_266_AU_2511_1_clean.csv,133898.0,122604.0,129465.0,rs_RS_Session_267_AU_3467_1_clean.csv,india_tb_reports,118281.0,india_tb_notifications_2025,38.65272727272727,40.32909090909092,26.133333333333333,79.83757575757575,44.21333333333333,9.74969696969697,6.304242424242425,71.73,59.842121212121214,nfhs,60439692.0,31491260.0,28948432.0,41093358.0,23474873.0,17618485.0,24767747.0,18000914.0,6766833.0,20365374.0,4402373.0,35671945.0,9293240.0,8230790.0,17524030.0,11013214.0,381622.0,1077510.0,8399799.0,7136827.0,402969.0,6550293.0,4241134.0,743279.0,4158404.0,10426250.0,8214360.0,6985686.0,10222752.0,1649636.0,100175.0,544037.0,766063.0,67.99068069374013,919.2528974705998,46.96859112886705,58.33562257083559,2.1777068402644826,62.84635440592147,census,48.96650629367649,0.0004139845477606419,122694.0,1.0373094579856443,28.269999999999996,4.371500162919146,91.56522128784597,3.4489607698685747,67.99068069374013,40.157878787878786,2024,1
Haryana,62697.0,69083.0,75838.0,34531.0,rs_RS_Session_260_AU_618_A_to_B_i_clean.csv,5.0,32.0,25.0,19.0,19.0,6.0,32.0,25.0,19.0,18.0,rs_RS_Session_266_AU_1736_A_to_C_3 (1)_clean.csv,1.1,1.2,2.9,6.7,8.9,1.3,1.3,2.9,5.5,9.3,rs_RS_Session_266_AU_1736_A_to_C_4_clean.csv,73703.0,2505.0,rs_RS_Session_266_AU_2511_1_clean.csv,75745.0,66862.0,83673.0,rs_RS_Session_267_AU_3467_1_clean.csv,india_tb_reports,80908.0,india_tb_notifications_2025,26.538636363636364,20.905454545454543,11.539545454545454,69.61727272727272,29.09363636363636,2.5309090909090908,15.90318181818182,85.03090909090909,57.82818181818182,nfhs,25351462.0,13494734.0,11856728.0,16598988.0,9794067.0,6804921.0,8916508.0,6806636.0,2109872.0,7015283.0,1901225.0,16434954.0,4444365.0,2643643.0,7088008.0,4270297.0,248076.0,622942.0,3743361.0,3157367.0,210845.0,3203191.0,2112462.0,495654.0,1572760.0,4286736.0,3891502.0,3237942.0,4168621.0,450538.0,144453.0,820477.0,418399.0,65.47546646422207,878.6188745921186,37.297404291868745,58.812306645252086,3.4999396163209746,60.246785838842165,census,20.5390279549555,0.0002538565772847617,83413.0,1.0309610916102239,14.969090909090909,5.902913766463017,88.27249323387683,3.576669495858357,65.47546646422207,42.17181818181818,2024,1
Himachal Pradesh,13424.0,14492.0,16089.0,6924.0,rs_RS_Session_260_AU_618_A_to_B_i_clean.csv,3.0,27.0,24.0,21.0,25.0,3.0,28.0,22.0,22.0,25.0,rs_RS_Session_266_AU_1736_A_to_C_3 (1)_clean.csv,1.0,0.8,2.8,6.2,14.6,1.6,1.0,2.3,5.8,14.5,rs_RS_Session_266_AU_1736_A_to_C_4_clean.csv,13429.0,723.0,rs_RS_Session_266_AU_2511_1_clean.csv,15399.0,13577.0,15621.0,rs_RS_Session_267_AU_3467_1_clean.csv,india_tb_reports,13857.0,india_tb_notifications_2025,31.54083333333333,24.674166666666665,16.103333333333335,59.94,33.4525,1.82,33.73583333333333,80.8925,53.64666666666667,nfhs,6864602.0,3481873.0,3382729.0,5039736.0,2752590.0,2287146.0,3559422.0,2043373.0,1516049.0,2062501.0,1496921.0,3305180.0,2612611.0,321052.0,2933663.0,1428783.0,41193.0,123338.0,1215027.0,907586.0,109706.0,1098553.0,139577.0,122529.0,229087.0,1294827.0,1104877.0,1020523.0,1287937.0,152194.0,25111.0,119972.0,61108.0,73.41628837330991,971.5256702355312,10.94372462003986,43.902009194648464,1.4041490109804706,48.70303780631927,census,5.561503805091928,0.0004013497730455314,14580.0,1.052175795626759,19.1075,2.0829931726991138,88.16806286122475,2.3399422496721676,73.41628837330991,46.35333333333333,2024,1
Jammu And Kashmir,8830.0,10826.0,11804.0,5253.0,rs_RS_Session_260_AU_618_A_to_B_i_clean.csv,5.0,27.0,22.0,21.0,25.0,5.0,28.0,21.0,20.0,26.0,rs_RS_Session_266_AU_1736_A_to_C_3 (1)_clean.csv,2.1,0.4,1.7,4.6,8.8,1.6,0.8,1.8,3.3,7.6,rs_RS_Session_266_AU_1736_A_to_C_4_clean.csv,10442.0,313.0,rs_RS_Session_266_AU_2511_1_clean.csv,11382.0,9808.0,11964.0,rs_RS_Session_267_AU_3467_1_clean.csv,india_tb_reports,13143.0,india_tb_notifications_2025,26.141,21.0795,19.231,73.18350000000001,39.812,4.0015,7.6855,73.7615,63.282,nfhs,12541302.0,6640662.0,5900640.0,7067233.0,4264671.0,2802562.0,4322713.0,3195090.0,1127623.0,2644149.0,1678564.0,8218589.0,2663460.0,940172.0,3603632.0,1715557.0,57977.0,168360.0,1400207.0,1194854.0,72820.0,1028155.0,208108.0,150465.0,260306.0,1781204.0,1218471.0,1031297.0,1949265.0,44083.0,107171.0,110275.0,76556.0,56.35166906912856,888.5620138474146,26.089567414208776,54.09167750758124,1.6088490722693105,47.60633161210689,census,10.160603454330932,0.0007730809902100687,13456.0,1.0238149585330594,26.238500000000002,2.124412259631394,86.17114742575997,3.4801838811510164,56.35166906912856,36.718,2024,2
Jharkhand,45505.0,52179.0,57320.0,23890.0,rs_RS_Session_260_AU_618_A_to_B_i_clean.csv,5.0,29.0,28.0,23.0,15.0,4.0,29.0,29.0,23.0,15.0,rs_RS_Session_266_AU_1736_A_to_C_3 (1)_clean.csv,1.3,1.3,2.5,4.0,4.9,1.1,1.3,2.4,3.4,4.8,rs_RS_Session_266_AU_1736_A_to_C_4_clean.csv,53213.0,1272.0,rs_RS_Session_266_AU_2511_1_clean.csv,60592.0,54623.0,63913.0,rs_RS_Session_267_AU_3467_1_clean.csv,india_tb_reports,58583.0,india_tb_notifications_2025,40.1775,40.38916666666667,23.09583333333333,68.21208333333333,48.594166666666666,9.093333333333334,37.38583333333333,55.30375,28.04125,nfhs,32988134.0,16930315.0,16057819.0,18328069.0,10882519.0,7445550.0,13098274.0,8424769.0,4673505.0,6818595.0,6279679.0,19889860.0,5746528.0,2049505.0,7796033.0,2829867.0,91074.0,426421.0,2968491.0,2725805.0,122465.0,1657422.0,3636649.0,171952.0,992375.0,5807476.0,1572427.0,1361867.0,5519412.0,473942.0,59926.0,85875.0,176727.0,55.55958090869887,948.4654597389356,26.28907548236392,70.79769929142168,1.1682095239976538,36.29880735497143,census,26.72604074699195,0.00045620812773316405,59855.0,1.021712783572026,44.69625,2.2668836830218653,90.14886453657248,4.231399995356613,55.55958090869887,71.95875,2024,2
Karnataka,65785.0,72435.0,80416.0,31794.0,rs_RS_Session_260_AU_618_A_to_B_i_clean.csv,4.0,22.0,28.0,25.0,21.0,4.0,22.0,27.0,26.0,21.0,rs_RS_Session_266_AU_1736_A_to_C_3 (1)_clean.csv,1.2,2.2,5.7,8.3,13.5,1.4,2.1,4.9,6.8,11.7,rs_RS_Session_266_AU_1736_A_to_C_4_clean.csv,65186.0,3711.0,rs_RS_Session_266_AU_2511_1_clean.csv,74493.0,65094.0,74135.0,rs_RS_Session_267_AU_3467_1_clean.csv,india_tb_reports,66682.0,india_tb_notifications_2025,34.574666666666666,31.29533333333333,19.22533333333333,64.56,27.721666666666668,9.673333333333334,16.942,74.596,76.08066666666667,nfhs,61095297.0,30966657.0,30128640.0,40647322.0,22508471.0,18138851.0,27872597.0,18270116.0,9602481.0,23397181.0,4475416.0,33222700.0,10620687.0,7378379.0,17999066.0,11945467.0,638468.0,1692253.0,9433399.0,7450784.0,920192.0,7911490.0,4465369.0,833478.0,3374302.0,12567276.0,11372249.0,6749396.0,9786047.0,3033730.0,155429.0,1789119.0,917186.0,66.5310162908284,972.9380862777664,40.993121531972825,54.369748963640674,3.5472285061902658,66.36714927319007,census,49.4976586754369,0.0007422941524764839,70393.0,1.0556521999940014,25.403999999999996,5.095742190178091,87.38270709999597,3.394359296199036,66.5310162908284,23.919333333333327,2024,1
Kerala,20835.0,21872.0,23388.0,9113.0,rs_RS_Session_260_AU_618_A_to_B_i_clean.csv,2.0,13.0,17.0,32.0,36.0,2.0,14.0,18.0,32.0,34.0,rs_RS_Session_266_AU_1736_A_to_C_3 (1)_clean.csv,0.6,1.2,3.1,6.9,16.9,0.7,1.4,3.4,7.4,16.9,rs_RS_Session_266_AU_1736_A_to_C_4_clean.csv,17267.0,1540.0,rs_RS_Session_266_AU_2511_1_clean.csv,20558.0,17117.0,20214.0,rs_RS_Session_267_AU_3467_1_clean.csv,india_tb_reports,17413.0,india_tb_notifications_2025,23.275714285714287,19.36428571428572,15.051428571428572,38.294285714285714,18.032857142857143,2.7235714285714288,20.66928571428572,98.59785714285714,70.2192857142857,nfhs,33406061.0,16027412.0,17378649.0,28135824.0,13704903.0,14430921.0,11619063.0,8451569.0,3167494.0,9329747.0,2289316.0,21786998.0,5857785.0,5360068.0,11217853.0,7284706.0,483609.0,1214644.0,6919494.0,3608956.0,893306.0,5929498.0,1577993.0,788957.0,1857699.0,7421600.0,6618914.0,7345977.0,6996527.0,563891.0,342003.0,2183566.0,665427.0,84.2237101824127,1084.3078720382305,47.78158529978954,62.36957285854968,4.311065584475033,64.93850472100142,census,27.064633224858934,0.0015542774493113728,18953.0,1.0884396715097915,1.402142857142863,5.9318570139936755,83.26199046599864,2.9779371328898674,84.2237101824127,29.780714285714296,2024,0
Ladakh,239.0,291.0,320.0,167.0,rs_RS_Session_260_AU_618_A_to_B_i_clean.csv,3.0,16.0,14.0,18.0,49.0,3.0,15.0,16.0,16.0,50.0,rs_RS_Session_266_AU_1736_A_to_C_3 (1)_clean.csv,0.0,1.4,0.0,1.7,8.6,0.0,2.0,0.0,2.2,2.1,rs_RS_Session_266_AU_1736_A_to_C_4_clean.csv,235.0,5.0,rs_RS_Session_266_AU_2511_1_clean.csv,328.0,257.0,318.0,rs_RS_Session_267_AU_3467_1_clean.csv,india_tb_reports,260.0,india_tb_notifications_2025,30.395,20.365,17.46,91.665,35.74,3.1450000000000005,23.735,42.32,75.775,nfhs,,,,,,,,,,,,,,,,,,,,,,,,,,,,,,,,,,,,,,,,,,,265.0,1.0192307692307692,57.68,,78.35365853658537,,,24.224999999999994,2024,1
Lakshadweep,20.0,12.0,11.0,6.0,rs_RS_Session_260_AU_618_A_to_B_i_clean.csv,0.0,42.0,25.0,8.0,25.0,0.0,8.0,25.0,33.0,34.0,rs_RS_Session_266_AU_1736_A_to_C_3 (1)_clean.csv,0.0,0.0,0.0,0.0,0.0,0.0,16.7,0.0,0.0,0.0,rs_RS_Session_266_AU_1736_A_to_C_4_clean.csv,6.0,1.0,rs_RS_Session_266_AU_2511_1_clean.csv,13.0,12.0,14.0,rs_RS_Session_267_AU_3467_1_clean.csv,india_tb_reports,15.0,india_tb_notifications_2025,32.02,25.78,17.35,43.08,28.49,17.53,0.44,99.8,59.43,nfhs,64473.0,33123.0,31350.0,52553.0,28023.0,24530.0,18753.0,15318.0,3435.0,10804.0,7949.0,45720.0,5289.0,15953.0,21242.0,10669.0,327.0,1501.0,10023.0,4977.0,870.0,6855.0,9027.0,245.0,4109.0,7325.0,10394.0,10467.0,8934.0,1582.0,45.0,43.0,842.0,81.51164053169543,946.4722398333485,75.10121457489879,42.05818661143019,1.5394030693908296,50.22596742302985,census,0.052234176843128255,0.00348227845620855,16.0,1.0666666666666667,0.20000000000000284,3.963845212315224,92.3076923076923,3.03516618020902,81.51164053169543,40.57,2024,0
Madhya Pradesh,137648.0,166346.0,186293.0,72591.0,rs_RS_Session_260_AU_618_A_to_B_i_clean.csv,7.0,30.0,27.0,21.0,15.0,7.0,30.0,27.0,21.0,15.0,rs_RS_Session_266_AU_1736_A_to_C_3 (1)_clean.csv,1.2,1.7,3.0,5.1,8.0,1.2,1.6,3.0,4.8,7.7,rs_RS_Session_266_AU_1736_A_to_C_4_clean.csv,149093.0,5152.0,rs_RS_Session_266_AU_2511_1_clean.csv,178884.0,156839.0,177525.0,rs_RS_Session_267_AU_3467_1_clean.csv,india_tb_reports,154546.0,india_tb_notifications_2025,34.66274509803922,31.944117647058825,18.22078431372549,67.36980392156863,47.10803921568628,10.558235294117647,17.701176470588234,64.16470588235295,37.56392156862745,nfhs,72626809.0,37612306.0,35014503.0,42851169.0,25174328.0,17676841.0,31574133.0,20146970.0,11427163.0,22702119.0,8872014.0,41052676.0,13453987.0,5044776.0,18498763.0,10044644.0,212473.0,883603.0,6886675.0,6074734.0,359303.0,4811219.0,5947760.0,401774.0,2815403.0,14338709.0,7063671.0,4313282.0,13602044.0,1002274.0,187638.0,347169.0,426457.0,59.00186114469107,930.932099722894,27.270882923360872,73.52947870081907,1.1485795023159115,54.29900366851557,census,58.84015921173358,0.0003807290982085177,159698.0,1.033336352930519,35.83529411764705,2.3053271183592114,87.676371279712,3.9260359733242702,59.00186114469107,62.43607843137255,2024,2
Maharashtra,159663.0,199976.0,234105.0,90215.0,rs_RS_Session_260_AU_618_A_to_B_i_clean.csv,5.0,31.0,27.0,20.0,17.0,5.0,31.0,26.0,20.0,18.0,rs_RS_Session_266_AU_1736_A_to_C_3 (1)_clean.csv,1.4,1.4,3.4,5.9,8.9,1.6,1.2,2.8,4.7,8.1,rs_RS_Session_266_AU_1736_A_to_C_4_clean.csv,186706.0,6069.0,rs_RS_Session_266_AU_2511_1_clean.csv,205909.0,182758.0,214670.0,rs_RS_Session_267_AU_3467_1_clean.csv,india_tb_reports,201440.0,india_tb_notifications_2025,,,,,,,,,,,112374333.0,58243056.0,54131277.0,81554290.0,45257584.0,36296706.0,49427878.0,32616875.0,16811003.0,43762890.0,5664988.0,62946455.0,17519193.0,16050569.0,33569762.0,20004164.0,1379351.0,3174031.0,16458761.0,12799041.0,1495311.0,13525610.0,7264830.0,1407482.0,5941782.0,21818504.0,20351899.0,12653950.0,19331240.0,3757010.0,389057.0,2089655.0,1726271.0,72.5737700262924,929.403103436056,47.81257907041462,57.58527570138865,4.108909083120697,59.5898296806513,census,91.04246401672923,0.000451958220893215,207509.0,1.0301280778395552,,5.142339108629963,88.75668377778533,3.3474867352351203,72.5737700262924,,2024,1
Maharastra,,,,,,,,,,,,,,,,,,,,,,,,,,,,,,,,,,,,,,35.10638888888889,36.4375,25.787777777777777,70.3375,37.8175,11.943888888888887,15.079722222222223,71.6463888888889,73.48027777777777,nfhs,,,,,,,,,,,,,,,,,,,,,,,,,,,,,,,,,,,,,,,,,,,,,28.353611111111107,,,,,26.519722222222228,2024,1
Manipur,1563.0,1793.0,2554.0,900.0,rs_RS_Session_260_AU_618_A_to_B_i_clean.csv,3.0,17.0,21.0,25.0,34.0,3.0,19.0,20.0,24.0,34.0,rs_RS_Session_266_AU_1736_A_to_C_3 (1)_clean.csv,1.3,1.1,2.4,3.8,5.7,1.7,1.1,2.2,1.9,6.0,rs_RS_Session_266_AU_1736_A_to_C_4_clean.csv,2067.0,67.0,rs_RS_Session_266_AU_2511_1_clean.csv,2522.0,1813.0,2561.0,rs_RS_Session_267_AU_3467_1_clean.csv,india_tb_reports,2313.0,india_tb_notifications_2025,24.61333333333333,13.746666666666666,9.934444444444445,41.964444444444446,60.89888888888889,42.27444444444445,37.376666666666665,71.34777777777778,59.02222222222223,nfhs,2855794.0,1438586.0,1417208.0,1908476.0,1039858.0,868618.0,1304610.0,739408.0,565202.0,974163.0,330447.0,1551184.0,397837.0,212127.0,609964.0,346635.0,10886.0,45707.0,291705.0,265308.0,15423.0,240325.0,226207.0,30423.0,100452.0,463270.0,259448.0,452865.0,474799.0,24691.0,80450.0,175563.0,19524.0,66.8282095977511,985.1395745544584,34.776970444157364,77.84049550465272,1.7846954902256529,56.82876366474087,census,2.313682453485096,0.0010002950512257225,2380.0,1.028966709900562,28.65222222222222,3.2008446400115416,71.8873909595559,4.681905817392502,66.8282095977511,40.97777777777777,2024,2
Meghalaya,4139.0,4152.0,4989.0,2057.0,rs_RS_Session_260_AU_618_A_to_B_i_clean.csv,6.0,35.0,30.0,18.0,11.0,7.0,34.0,31.0,19.0,9.0,rs_RS_Session_266_AU_1736_A_to_C_3 (1)_clean.csv,2.9,1.8,4.3,7.7,9.6,2.5,1.7,3.7,8.3,12.6,rs_RS_Session_266_AU_1736_A_to_C_4_clean.csv,3890.0,180.0,rs_RS_Session_266_AU_2511_1_clean.csv,4493.0,3840.0,4318.0,rs_RS_Session_267_AU_3467_1_clean.csv,india_tb_reports,4268.0,india_tb_notifications_2025,42.99818181818182,25.439090909090908,13.696363636363635,41.93,59.27,27.86636363636364,34.480909090909094,83.3790909090909,26.654545454545453,nfhs,2966889.0,1491832.0,1475057.0,1785005.0,913879.0,871126.0,1185619.0,703709.0,481910.0,921575.0,264044.0,1781270.0,553593.0,167874.0,721467.0,327958.0,8079.0,40872.0,231409.0,210473.0,8231.0,181191.0,71766.0,28837.0,28858.0,425544.0,213180.0,338650.0,441123.0,84063.0,46433.0,125335.0,13553.0,60.16419893025995,988.7554362689632,23.268423919597154,61.14250547842105,1.1198017372935976,45.4571033740975,census,2.40368843857013,0.00056318848138944,4448.0,1.042174320524836,16.620909090909095,1.8785335989033456,85.46628088137102,4.112300354693978,60.16419893025995,73.34545454545454,2024,2
Mizoram,2334.0,1749.0,2085.0,981.0,rs_RS_Session_260_AU_618_A_to_B_i_clean.csv,8.0,31.0,32.0,16.0,13.0,6.0,32.0,30.0,18.0,14.0,rs_RS_Session_266_AU_1736_A_to_C_3 (1)_clean.csv,0.7,1.6,3.3,5.9,13.3,3.4,2.6,5.8,4.6,16.3,rs_RS_Session_266_AU_1736_A_to_C_4_clean.csv,1985.0,102.0,rs_RS_Session_266_AU_2511_1_clean.csv,2115.0,1541.0,2163.0,rs_RS_Session_267_AU_3467_1_clean.csv,india_tb_reports,2138.0,india_tb_notifications_2025,29.2875,13.29125,10.03875,46.025,73.76375,62.62875,25.36,94.145,75.68875,nfhs,1097206.0,555339.0,541867.0,848175.0,438529.0,409646.0,486705.0,290740.0,195965.0,415030.0,71675.0,610501.0,123347.0,146084.0,269431.0,186155.0,5605.0,33650.0,160756.0,141254.0,3694.0,121725.0,9425.0,16072.0,30575.0,217960.0,165969.0,203185.0,145538.0,70292.0,14706.0,67604.0,17044.0,77.30316822912015,975.740943819901,54.21944765079,54.01679836395961,2.080309986601393,69.09190108042505,census,0.8889248559449907,0.000415774020554252,2240.0,1.047708138447147,5.855000000000004,6.325923891460151,72.86052009456266,4.072307937839373,77.30316822912015,24.31125,2024,1
Nagaland,3487.0,3648.0,4125.0,1896.0,rs_RS_Session_260_AU_618_A_to_B_i_clean.csv,6.0,35.0,29.0,17.0,13.0,6.0,34.0,30.0,17.0,13.0,rs_RS_Session_266_AU_1736_A_to_C_3 (1)_clean.csv,1.8,0.8,2.8,3.3,5.1,1.5,1.4,2.3,3.9,5.0,rs_RS_Session_266_AU_1736_A_to_C_4_clean.csv,3419.0,93.0,rs_RS_Session_266_AU_2511_1_clean.csv,4192.0,3278.0,4009.0,rs_RS_Session_267_AU_3467_1_clean.csv,india_tb_reports,3705.0,india_tb_notifications_2025,33.15636363636364,26.536363636363635,18.10363636363636,42.97363636363636,49.054545454545455,12.466363636363637,23.389090909090907,88.21363636363637,33.48909090909091,nfhs,1978502.0,1024649.0,953853.0,1342434.0,723957.0,618477.0,974122.0,547357.0,426765.0,741179.0,232943.0,1004380.0,360385.0,174039.0,534424.0,326405.0,6935.0,35732.0,212226.0,194245.0,5328.0,151670.0,31453.0,31132.0,25274.0,366130.0,329843.0,306068.0,295232.0,85389.0,40028.0,110689.0,13272.0,67.85103072930934,930.9070715923208,32.56571561157433,55.243028007724206,1.297658787778992,61.07603700432615,census,1.6029256177389442,0.000432638493316854,3798.0,1.0251012145748988,11.786363636363632,2.483421403230394,78.19656488549617,3.7021204137538732,67.85103072930934,66.51090909090908,2024,2
Puducherry,2762.0,3444.0,3835.0,652.0,rs_RS_Session_260_AU_618_A_to_B_i_clean.csv,2.0,16.0,25.0,33.0,24.0,3.0,17.0,25.0,31.0,24.0,rs_RS_Session_266_AU_1736_A_to_C_3 (1)_clean.csv,0.0,2.6,6.0,9.0,14.8,5.3,3.0,4.4,10.3,11.5,rs_RS_Session_266_AU_1736_A_to_C_4_clean.csv,2843.0,90.0,rs_RS_Session_266_AU_2511_1_clean.csv,1507.0,1156.0,1355.0,rs_RS_Session_267_AU_3467_1_clean.csv,india_tb_reports,2987.0,india_tb_notifications_2025,28.8975,21.0225,11.6475,52.06,14.12,2.2575000000000003,25.4275,88.17,91.4075,nfhs,,,,,,,,,,,,,,,,,,,,,,,,,,,,,,,,,,,,,,,,,,,3077.0,1.0301305657850686,11.829999999999998,,76.70869276708693,,,8.592500000000001,2024,1
Punjab,46198.0,50142.0,55150.0,24800.0,rs_RS_Session_260_AU_618_A_to_B_i_clean.csv,5.0,33.0,24.0,19.0,19.0,5.0,34.0,24.0,19.0,18.0,rs_RS_Session_266_AU_1736_A_to_C_3 (1)_clean.csv,2.1,1.8,3.3,6.2,12.1,1.4,1.5,3.4,5.9,10.1,rs_RS_Session_266_AU_1736_A_to_C_4_clean.csv,49739.0,2049.0,rs_RS_Session_266_AU_2511_1_clean.csv,56264.0,46305.0,60456.0,rs_RS_Session_267_AU_3467_1_clean.csv,india_tb_reports,55029.0,india_tb_notifications_2025,25.388181818181817,17.657727272727275,10.803181818181818,69.69636363636363,13.336363636363636,0.3613636363636364,23.65909090909091,86.49681818181818,74.72272727272728,nfhs,27743338.0,14639465.0,13103873.0,18707137.0,10436056.0,8271081.0,9897362.0,8074157.0,1823205.0,8450936.0,1446426.0,17845976.0,4668757.0,3178690.0,7847447.0,5225793.0,292111.0,690096.0,4442740.0,3368428.0,361086.0,4468245.0,3589937.0,709711.0,2566796.0,5128940.0,4810358.0,4289132.0,4807947.0,474187.0,178623.0,1040419.0,543122.0,67.42929419668246,895.1060028491479,40.506039734960936,61.26765813136426,3.72236983569306,66.59226879773766,census,22.476857340447634,0.00040845476640403484,57078.0,1.0372349125006814,13.503181818181815,6.921002461055169,82.29951656476611,3.535332956055645,67.42929419668246,25.277272727272717,2024,1
Rajasthan,137343.0,149225.0,169522.0,69222.0,rs_RS_Session_260_AU_618_A_to_B_i_clean.csv,5.0,28.0,26.0,21.0,20.0,5.0,28.0,26.0,21.0,20.0,rs_RS_Session_266_AU_1736_A_to_C_3 (1)_clean.csv,1.0,1.1,2.1,3.7,6.3,1.0,0.9,2.0,3.1,5.3,rs_RS_Session_266_AU_1736_A_to_C_4_clean.csv,145405.0,3341.0,rs_RS_Session_266_AU_2511_1_clean.csv,159302.0,141911.0,168059.0,rs_RS_Session_267_AU_3467_1_clean.csv,india_tb_reports,160756.0,india_tb_notifications_2025,31.734848484848484,28.39636363636364,18.03757575757576,72.19909090909091,43.22575757575758,7.376969696969697,11.453939393939397,68.57242424242423,38.30181818181818,nfhs,68548437.0,35550997.0,32997440.0,38275282.0,23688412.0,14586870.0,29886255.0,18297076.0,11589179.0,21057968.0,8828287.0,38662182.0,13296654.0,4774309.0,18070963.0,8430040.0,226501.0,869923.0,8882714.0,7861580.0,312904.0,4727542.0,3598136.0,586254.0,3026614.0,10862876.0,6985550.0,4399688.0,11728014.0,673787.0,232167.0,816719.0,447438.0,55.8368413272501,928.1720003520576,26.41978183453753,64.8997731886231,1.2533975084781035,46.64964451534763,census,55.53597910098857,0.0003454675352769948,164097.0,1.0207830500883326,31.427575757575767,2.476005290918918,89.08299958569258,3.7932918682861563,55.8368413272501,61.69818181818182,2024,2
Sikkim,1326.0,1373.0,1395.0,615.0,rs_RS_Session_260_AU_618_A_to_B_i_clean.csv,4.0,38.0,27.0,15.0,16.0,3.0,35.0,30.0,18.0,14.0,rs_RS_Session_266_AU_1736_A_to_C_3 (1)_clean.csv,2.2,1.9,2.4,3.8,9.8,0.0,1.0,1.6,3.8,12.2,rs_RS_Session_266_AU_1736_A_to_C_4_clean.csv,1122.0,33.0,rs_RS_Session_266_AU_2511_1_clean.csv,1189.0,973.0,1169.0,rs_RS_Session_267_AU_3467_1_clean.csv,india_tb_reports,1091.0,india_tb_notifications_2025,24.8725,13.6725,11.9575,56.69,41.3725,11.4275,42.1025,87.3675,72.4625,nfhs,610577.0,323070.0,287507.0,444952.0,251269.0,193683.0,308138.0,194358.0,113780.0,230397.0,77741.0,302439.0,115395.0,53627.0,169022.0,118578.0,4284.0,14834.0,93491.0,86696.0,2249.0,70100.0,1135.0,10599.0,3630.0,94071.0,87865.0,111734.0,82619.0,39144.0,4384.0,15365.0,5021.0,72.8740191654779,889.9216887980933,31.72782241365029,48.880619091005904,2.534581297109252,70.15536439043439,census,0.49467198663544004,0.0004534115367877544,1124.0,1.0302474793767187,12.632499999999993,2.9706192093336963,81.83347350714887,3.6124114020660034,72.8740191654779,27.537499999999994,2024,1
Tamil Nadu,70304.0,82823.0,93879.0,40923.0,rs_RS_Session_260_AU_618_A_to_B_i_clean.csv,3.0,16.0,23.0,33.0,25.0,3.0,16.0,23.0,33.0,25.0,rs_RS_Session_266_AU_1736_A_to_C_3 (1)_clean.csv,1.1,1.5,4.1,6.3,10.5,1.2,1.6,4.1,6.0,9.0,rs_RS_Session_266_AU_1736_A_to_C_4_clean.csv,77820.0,4112.0,rs_RS_Session_266_AU_2511_1_clean.csv,92945.0,82468.0,91318.0,rs_RS_Session_267_AU_3467_1_clean.csv,india_tb_reports,83475.0,india_tb_notifications_2025,25.3128125,22.245625,14.8434375,57.436875,20.825,5.3528125,26.0003125,71.571875,79.495625,nfhs,72147030.0,36137975.0,36009055.0,51837507.0,28040491.0,23797016.0,32884681.0,21434978.0,11449703.0,27942181.0,4942500.0,39262349.0,11937264.0,11229457.0,23166721.0,17265059.0,772257.0,1956630.0,13850821.0,11482800.0,1052287.0,16080190.0,8365803.0,794957.0,5977406.0,15034329.0,11867682.0,8930581.0,13786507.0,4321071.0,209644.0,1102422.0,1174257.0,71.84981419193555,996.4325615920648,48.47236257561007,59.50996258814529,3.3334756351578627,74.52525974651311,census,58.4514560161072,0.0007002270861468368,87587.0,1.0492602575621444,28.428124999999994,5.068723364001318,88.7277422131368,3.1142529838383255,71.84981419193555,20.504374999999996,2024,1
Tripura,2071.0,2543.0,3024.0,1467.0,rs_RS_Session_260_AU_618_A_to_B_i_clean.csv,2.0,17.0,27.0,31.0,23.0,2.0,18.0,24.0,31.0,25.0,rs_RS_Session_266_AU_1736_A_to_C_3 (1)_clean.csv,2.0,1.8,2.5,6.7,10.9,0.0,1.5,3.1,6.4,9.8,rs_RS_Session_266_AU_1736_A_to_C_4_clean.csv,2760.0,151.0,rs_RS_Session_266_AU_2511_1_clean.csv,3425.0,2758.0,3422.0,rs_RS_Session_267_AU_3467_1_clean.csv,india_tb_reports,3162.0,india_tb_notifications_2025,32.975,26.1625,18.9075,65.855,57.80125,51.23125,33.01,71.60875,40.705,nfhs,3673917.0,1874376.0,1799541.0,2804783.0,1501369.0,1303414.0,1469521.0,1045326.0,424195.0,1077019.0,392502.0,2204396.0,748686.0,318177.0,1066863.0,576787.0,8612.0,61956.0,405115.0,360143.0,17491.0,377988.0,331560.0,18443.0,69463.0,763705.0,270754.0,725092.0,774211.0,46693.0,60238.0,507359.0,12784.0,76.34312370148808,960.0747128644412,29.82360434282565,72.56892403242028,0.8072264198870894,54.06383012626739,census,2.976502261178714,0.000941335313465754,3313.0,1.04775458570525,28.39125,1.1982794416902638,80.52554744525547,3.4436633382168096,76.34312370148808,59.295,2024,1
Uttar Pradesh,366641.0,453712.0,522850.0,253988.0,rs_RS_Session_260_AU_618_A_to_B_i_clean.csv,6.0,34.0,24.0,20.0,16.0,7.0,34.0,23.0,20.0,16.0,rs_RS_Session_266_AU_1736_A_to_C_3 (1)_clean.csv,1.2,1.2,2.3,4.2,7.5,1.0,1.1,2.2,4.3,6.8,rs_RS_Session_266_AU_1736_A_to_C_4_clean.csv,563573.0,14229.0,rs_RS_Session_266_AU_2511_1_clean.csv,613851.0,566490.0,670590.0,rs_RS_Session_267_AU_3467_1_clean.csv,india_tb_reports,633154.0,india_tb_notifications_2025,39.6256,32.3128,17.687466666666666,66.39479999999999,45.2372,8.690933333333334,14.3244,68.976,47.071866666666665,nfhs,199812341.0,104480510.0,95331831.0,114397555.0,68234964.0,46162591.0,65814715.0,49846762.0,15967953.0,44635492.0,21179223.0,133997626.0,34726215.0,10446228.0,45172443.0,12120231.0,609773.0,2664447.0,22036666.0,20149607.0,1097897.0,10935311.0,22329804.0,1250106.0,6455749.0,29938454.0,18163265.0,11736853.0,31178985.0,1353666.0,581471.0,1376353.0,932537.0,57.2524972318902,912.4365013149344,23.125222605295004,69.02213590706174,1.3498782875214432,26.831028377190048,census,161.88223217832964,0.0002556759211476665,647383.0,1.0224732055708405,31.024,2.064393550731803,92.28460978315584,4.423323772858598,57.2524972318902,52.928133333333335,2024,2
Uttarakhand,20000.0,22789.0,27553.0,10976.0,rs_RS_Session_260_AU_618_A_to_B_i_clean.csv,5.0,32.0,23.0,20.0,20.0,5.0,33.0,23.0,20.0,19.0,rs_RS_Session_266_AU_1736_A_to_C_3 (1)_clean.csv,0.8,1.1,2.3,4.6,9.0,1.2,1.2,2.4,4.7,9.4,rs_RS_Session_266_AU_1736_A_to_C_4_clean.csv,24984.0,791.0,rs_RS_Session_266_AU_2511_1_clean.csv,25674.0,23113.0,28382.0,rs_RS_Session_267_AU_3467_1_clean.csv,india_tb_reports,26404.0,india_tb_notifications_2025,27.27846153846154,19.166153846153847,12.460769230769232,56.47384615384616,37.49846153846154,4.4569230769230765,30.81615384615385,82.2976923076923,48.47,nfhs,10086292.0,5137773.0,4948519.0,6880953.0,3863708.0,3017245.0,3872275.0,2551921.0,1320354.0,2870624.0,1001651.0,6214017.0,2512569.0,870841.0,3383410.0,1738175.0,63032.0,218358.0,1489596.0,1294045.0,63362.0,1237708.0,624922.0,124006.0,457054.0,1757046.0,1384562.0,1313561.0,1655435.0,247492.0,28314.0,237050.0,125209.0,68.22083873835896,963.1641958490576,25.738559618846075,48.928004587088175,1.8629725631832967,51.373466414061554,census,8.171624711420748,0.0003094843475011645,27195.0,1.0299575821845175,17.7023076923077,3.7006747630349266,90.02492794266573,2.981102497184793,68.22083873835896,51.53,2024,1
West Bengal,79039.0,90487.0,100972.0,44210.0,rs_RS_Session_260_AU_618_A_to_B_i_clean.csv,3.0,27.0,26.0,25.0,19.0,3.0,27.0,26.0,25.0,19.0,rs_RS_Session_266_AU_1736_A_to_C_3 (1)_clean.csv,2.5,1.5,3.5,7.4,11.6,3.0,1.7,3.5,6.6,11.7,rs_RS_Session_266_AU_1736_A_to_C_4_clean.csv,83962.0,4269.0,rs_RS_Session_266_AU_2511_1_clean.csv,97535.0,84928.0,97332.0,rs_RS_Session_267_AU_3467_1_clean.csv,india_tb_reports,91656.0,india_tb_notifications_2025,33.175,32.695,21.33,69.777,48.117,12.105,18.6885,67.1225,39.291,nfhs,91276115.0,46809027.0,44467088.0,61538281.0,33818810.0,27719471.0,34756355.0,26716047.0,8040308.0,25686630.0,9069725.0,56519760.0,16953359.0,8390356.0,25343715.0,10935123.0,443642.0,1668757.0,9879111.0,8616602.0,454850.0,7091740.0,11475393.0,448500.0,1710291.0,17522869.0,7197797.0,11809375.0,17915385.0,1470642.0,1128546.0,5128672.0,400966.0,67.41991702867722,949.9682187369542,33.10625928361331,70.68965619286675,1.7505010611112066,43.1472773427258,census,73.94929245519383,0.0008068134378021497,95925.0,1.0465763288819063,32.8775,1.5821121725840115,87.07438355462142,3.6015286235660398,67.41991702867722,60.709,2024,2
andaman & nicobar islands,478.0,507.0,534.0,295.0,rs_RS_Session_260_AU_618_A_to_B_i_clean.csv,4.0,27.0,27.0,26.0,16.0,4.0,24.0,31.0,22.0,19.0,rs_RS_Session_266_AU_1736_A_to_C_3 (1)_clean.csv,0.0,0.0,2.4,3.9,8.2,7.7,0.0,5.4,1.7,7.1,rs_RS_Session_266_AU_1736_A_to_C_4_clean.csv,445.0,13.0,rs_RS_Session_266_AU_2511_1_clean.csv,488.0,369.0,533.0,rs_RS_Session_267_AU_3467_1_clean.csv,india_tb_reports,583.0,india_tb_notifications_2025,23.24,28.276666666666667,18.426666666666662,37.13333333333333,66.00666666666667,43.27666666666667,47.52,86.38666666666666,70.03333333333333,nfhs,380581.0,202871.0,177710.0,294281.0,164377.0,129904.0,152535.0,120889.0,31646.0,125910.0,26625.0,228046.0,89950.0,51725.0,141675.0,80421.0,3234.0,8194.0,78100.0,67286.0,2841.0,63965.0,17066.0,6426.0,23076.0,81190.0,71147.0,65450.0,53527.0,30123.0,1774.0,2679.0,5099.0,77.32414387475991,875.9753735132177,36.50961708134815,37.78154226221987,2.282689253573319,56.76442562202223,census,0.30833581898057477,0.0005288779056270579,596.0,1.0222984562607205,13.613333333333344,3.59908240691724,75.61475409836066,2.686296100229398,77.32414387475991,29.96666666666667,2024,1
dadra & nagar haveli and daman & diu,965.0,1013.0,1399.0,368.0,rs_RS_Session_260_AU_618_A_to_B_i_clean.csv,6.0,41.0,31.0,14.0,8.0,7.0,43.0,29.0,15.0,6.0,rs_RS_Session_266_AU_1736_A_to_C_3 (1)_clean.csv,0.0,0.8,1.1,8.6,9.8,0.0,0.3,0.4,0.0,4.3,rs_RS_Session_266_AU_1736_A_to_C_4_clean.csv,889.0,4.0,rs_RS_Session_266_AU_2511_1_clean.csv,822.0,725.0,790.0,rs_RS_Session_267_AU_3467_1_clean.csv,india_tb_reports,1173.0,india_tb_notifications_2025,35.45333333333333,33.28666666666667,21.153333333333336,73.35000000000001,36.803333333333335,2.4133333333333336,27.96333333333333,73.27999999999999,83.89999999999999,nfhs,,,,,,,,,,,,,,,,,,,,,,,,,,,,,,,,,,,,,,,,,,,1177.0,1.0034100596760442,26.720000000000013,,88.19951338199513,,,16.10000000000001,2024,1
delhi,86842.0,103038.0,106731.0,37361.0,rs_RS_Session_260_AU_618_A_to_B_i_clean.csv,10.0,43.0,24.0,14.0,9.0,11.0,43.0,23.0,13.0,10.0,rs_RS_Session_266_AU_1736_A_to_C_3 (1)_clean.csv,1.0,1.0,2.3,5.0,8.5,1.1,0.9,2.2,4.0,7.1,rs_RS_Session_266_AU_1736_A_to_C_4_clean.csv,88868.0,1523.0,rs_RS_Session_266_AU_2511_1_clean.csv,82426.0,64098.0,90281.0,rs_RS_Session_267_AU_3467_1_clean.csv,india_tb_reports,102964.0,india_tb_notifications_2025,30.70181818181818,22.12454545454545,11.717272727272729,69.16272727272727,26.334545454545456,2.307272727272727,21.62454545454545,81.08454545454545,98.90727272727273,nfhs,16787941.0,8987326.0,7800615.0,12737767.0,7194856.0,5542911.0,5587049.0,4762026.0,825023.0,5307329.0,279720.0,11200892.0,124422.0,4481133.0,4605555.0,3310809.0,588951.0,972948.0,3031775.0,2279781.0,171323.0,2939423.0,1022199.0,692279.0,1298383.0,3284487.0,3042184.0,2990741.0,2279303.0,941459.0,31092.0,59339.0,766847.0,75.87450420513153,867.9572767250237,97.29843634480537,49.4903003003981,12.787839902031353,71.8872969707234,census,13.601108666046306,0.0001320957680941524,104487.0,1.0147915776387864,18.91545454545455,16.650479692458347,77.76429767306432,3.645150475892699,75.87450420513153,1.0927272727272737,2024,3
odisha,45628.0,52381.0,60372.0,25939.0,rs_RS_Session_260_AU_618_A_to_B_i_clean.csv,4.0,24.0,27.0,27.0,18.0,4.0,24.0,27.0,26.0,19.0,rs_RS_Session_266_AU_1736_A_to_C_3 (1)_clean.csv,1.7,1.8,3.5,5.6,8.8,1.2,1.7,3.2,5.2,7.8,rs_RS_Session_266_AU_1736_A_to_C_4_clean.csv,48917.0,2064.0,rs_RS_Session_266_AU_2511_1_clean.csv,60766.0,56259.0,59483.0,rs_RS_Session_267_AU_3467_1_clean.csv,india_tb_reports,53673.0,india_tb_notifications_2025,31.645333333333333,30.244,18.46433333333333,64.65066666666667,51.3,25.421333333333333,29.66333333333333,59.641666666666666,32.33266666666667,nfhs,41974218.0,21212136.0,20762082.0,26742595.0,15089681.0,11652914.0,17541589.0,11902655.0,5638934.0,10707543.0,6834046.0,24432629.0,10554975.0,2204158.0,12759133.0,4155886.0,135393.0,491066.0,3846884.0,3441856.0,176200.0,2581277.0,5894822.0,172660.0,1401091.0,7836340.0,1901958.0,2129296.0,8728383.0,645697.0,150103.0,337593.0,203125.0,63.71195527692738,978.7831833625808,17.275139306095486,68.40890364572577,1.0611457690738078,32.57185264860865,census,34.00630846810319,0.000633583151083472,55737.0,1.0384550891509698,40.358333333333334,1.5919968856818092,92.58302340124412,3.289739044181137,63.71195527692738,67.66733333333333,2024,2
puducherry,,,,,,,,,,,,,,,,,,,,,,,,,,,,,,,,,,,,,,,,,,,,,,,,1247953.0,612511.0,635442.0,957309.0,497378.0,459931.0,444968.0,332931.0,112037.0,399689.0,45279.0,802985.0,122914.0,265085.0,387999.0,294205.0,18086.0,40958.0,243629.0,188881.0,15439.0,246521.0,155259.0,16879.0,140352.0,268875.0,251494.0,206221.0,195610.0,93807.0,930.0,2318.0,31804.0,76.71034085418282,1037.437694996498,68.32105237384633,50.415078389377285,4.661352219979949,75.8262263562535,census,1.011055755027879,,,,,8.19692834259882,,3.2163820009845385,76.71034085418282,,2024,1
telangana,63209.0,60714.0,72941.0,31094.0,rs_RS_Session_260_AU_618_A_to_B_i_clean.csv,3.0,22.0,26.0,28.0,21.0,3.0,23.0,26.0,27.0,21.0,rs_RS_Session_266_AU_1736_A_to_C_3 (1)_clean.csv,1.2,0.8,2.0,2.5,4.4,0.7,0.6,1.5,1.7,3.2,rs_RS_Session_266_AU_1736_A_to_C_4_clean.csv,62722.0,1004.0,rs_RS_Session_266_AU_2511_1_clean.csv,72100.0,66459.0,74711.0,rs_RS_Session_267_AU_3467_1_clean.csv,india_tb_reports,76571.0,india_tb_notifications_2025,33.16548387096775,32.76387096774194,22.126129032258063,70.19225806451612,24.06387096774193,6.311290322580645,45.49870967741936,74.61806451612902,90.3648387096774,nfhs,,,,,,,,,,,,,,,,,,,,,,,,,,,,,,,,,,,,,,,,,,,77575.0,1.0131120136866438,25.381935483870976,,92.1761442441054,,,9.6351612903226,2024,1
